key	de-DE	en-US	es-ES	fr-FR	it-IT	ja-JP	ko-KR	pl-PL	pt-BR	ru-RU	zh-HANS	zh-HANT	
Options.SECTION[Tree_Controller.Tree_Controller.TreeControllerMod]	Tree Controller	Tree Controller	Tree Controller	Tree Controller	Tree Controller	Tree Controller	Tree Controller	Tree Controller	Tree Controller	Tree Controller	Tree Controller	Tree Controller	
Options.OPTION[Tree_Controller.Tree_Controller.TreeControllerMod.TreeControllerSettings.UseDeadModelDuringWinter]	Laubbäume nutzen das tote Modell im Winter	Deciduous trees use Dead Model during Winter	Los árboles de hojas caduca usan modelo muerto durante el invierno	Les arbres à feuilles caduques utilisent le modèle 'd'arbre Mort' pendant l’hiver	Gli alberi caducifoglie usano il modello spoglio durante L'Inverno	落葉性の木は冬に葉の落ちた木のモデルを使用します	Deciduous trees use Dead Model during Winter	Użyj martwego modelu drzew liściastych zimą	Árvores em transição usam o modelo morto/hibernação durante o inverno	Deciduous trees use Dead Model during Winter	允许落叶树在冬季时枯萎	Deciduous trees use Dead Model during Winter	
Options.OPTION_DESCRIPTION[Tree_Controller.Tree_Controller.TreeControllerMod.TreeControllerSettings.UseDeadModelDuringWinter]	Wird temporär alle nicht von der Holzindustrie benutzten Bäume das tote Modell benutzen lassen und stoppt das Wachstum im Winter.	Will temporarily make all non-lumber industry deciduous trees use the dead model and pause growth during winter.	Hará que todos los árboles de hojas caduca de la industria que no sean de madera utilicen el modelo muerto y pausen el crecimiento durante el invierno.	Cette option permet de mettre tous les arbres qui ne sont pas affectés à l'industrie du bois d'utiliser le modèle 'arbre mort' durant l'hiver.	Durante l'inverno, trasformerà temporaneamente con modelli spogli tutti gli alberi Caducifoglie non appartenenti alla Selvicoltura Industriale e ne bloccherà la crescita.	一時的に林業施設以外すべての落葉樹が葉の落ちた木のモデルを使用し、成長を冬の間一時停止させます。	Will temporarily make all non-lumber industry deciduous trees use the dead model and pause growth during winter.	Sprawi, że wszystkie drzewa liściaste niewykorzystywane przez leśnictwo, użyją martwego modelu i wstrzymają wzrost przez zimę.	Irá transformar temporariamente toda a indústria não madeireira em árvores mortas utilizando o modelo morto/hibernação e fazendo uma pausa de crescimento durante o Inverno.	Will temporarily make all non-lumber industry deciduous trees use the dead model and pause growth during winter.	此选项允许所有非林业产业区的落叶树木在冬季枯萎并暂停生长。	Will temporarily make all non-lumber industry deciduous trees use the dead model and pause growth during winter.	
Options.OPTION[Tree_Controller.Tree_Controller.TreeControllerMod.TreeControllerSettings.DisableTreeGrowth]	Baumwachstum deaktivieren	Disable Tree Growth	Desactivar el crecimiento de árboles	Désactiver la croissance des arbres	Disattiva Crescita Alberi	木の成長を無効にする	Disable Tree Growth	Wyłącz wzrost drzew	Desativar crescimento da árvore	Disable Tree Growth	禁用树生长机制	Disable Tree Growth	
Options.OPTION_DESCRIPTION[Tree_Controller.Tree_Controller.TreeControllerMod.TreeControllerSettings.DisableTreeGrowth]	Deaktiviert Baumwachstum bei allen nicht von der Holzindustrie verwendeten Bäumen.	Disable tree growth for the entire map except for lumber industry.	Desactivar el crecimiento de árboles para todo el mapa, excepto para la industria de madera.	Désactiver la croissance des arbres pour toute la carte, à l'exception de l'industrie du bois.	Disattiva la crescita degli alberi per l'intera mappa ad eccezione della Selvicoltura Industriale.	林業施設以外のマップにある木の成長を無効にする	Disable tree growth for the entire map except for lumber industry.	Wyłącza wzrost drzew na całej mapie z wyjątkiem obszarów leśnictwa.	Desabilite o crescimento de árvores para todo o mapa, excepto para a indústria da madeira.	Disable tree growth for the entire map except for lumber industry.	禁用整个地图的树木生长机制（林业产业区的树木除外）。	Disable tree growth for the entire map except for lumber industry.	
Options.OPTION[Tree_Controller.Tree_Controller.TreeControllerMod.TreeControllerSettings.ColorVariationSet]	Farbvariationsset	Color Variation Set	Colección de variación de colores	Variation de couleur d'arbre	Set Varianti Colore	植生色の変更設定	Color Variation Set	Wariant kolorystyczny	Conjunto de variações de cor	Color Variation Set	植被颜色变化设置	Color Variation Set	
Options.OPTION_DESCRIPTION[Tree_Controller.Tree_Controller.TreeControllerMod.TreeControllerSettings.ColorVariationSet]	Sets mit saisonalen Farben für Bäume und Wildbüschen. Vanilla ist das Basisspiel. Yenyang's ist mein Farbset. Benutzerdefiniert verwendet CSV Dateien im Mod-Ordner.	Sets of seasonal colors for Trees and Wild bushes. Vanilla is the base game. Yenyang's is my curated colors. Custom uses CSV files in the mod folder.	Colecciones de colores de estaciones para árboles y arbustos salvajes. Vanilla, es el juego base. Yenyang, es mi color curado. Personalizado, utiliza archivos CSV en la carpeta de mods.	Des ensembles de couleurs saisonnières pour les arbres et les buissons sauvages.
Yenyang est la sélection de couleurs. Les options personnalisées utilisent des fichiers . CSV dans le dossier des modes.	Set di colori stagionali per Alberi e Cespugli selvatici. Classico rappresenta le impostazioni originali. Yenyang è la mia scelta di colori. Personalizzato utilizza i file CSV nella cartella mod.	木と低木の季節による色の変化を設定します。バニラはゲーム基本設定の色、Yenyang'sはMOD作者が設定した色、カスタムはMODフォルダーにあるCSVの設定を使用します。	Sets of seasonal colors for Trees and Wild bushes. Vanilla is the base game. Yenyang's is my curated colors. Custom uses CSV files in the mod folder.	Sezonowe warianty kolorystyczne drzew i dzikich krzewów. Domyślny to gra podstawowa. Yenyang to mój zestaw kolorów. Własny używa plików CSV w folderze moda.	Conjunto de cores sazonais para árvores e arbustos selvagens. Vanilla é o jogo base. Yenyang é minha cor com curadoria. O personalizado usa arquivos CSV na pasta de mods.	Sets of seasonal colors for Trees and Wild bushes. Vanilla is the base game. Yenyang's is my curated colors. Custom uses CSV files in the mod folder.	此选项是植被的季节性颜色变化设置。“原版”为游戏自带的颜色设置，“Yenyang's”是模组作者设计的颜色，“自定义”需要使用该模组文件夹里的 CSV 文件进行自定义设置。	Sets of seasonal colors for Trees and Wild bushes. Vanilla is the base game. Yenyang's is my curated colors. Custom uses CSV files in the mod folder.	
Options.OPTION[Tree_Controller.Tree_Controller.TreeControllerMod.TreeControllerSettings.ReloadCSVsButton]	CSV's neu laden	Reload CSVs	Recargar archivos CSV	Recharger les . CSV	Ricarica CSV	CSVの再読み込み	Reload CSVs	Przeładuj pliki CSV	Recarregar CSVs	Reload CSVs	重新加载 CSVs 文件	Reload CSVs	
Options.OPTION_DESCRIPTION[Tree_Controller.Tree_Controller.TreeControllerMod.TreeControllerSettings.ReloadCSVsButton]	Nach Bestätigung werden die CSV Dateien neu geladen.	After confirmation this will reload CSV files.	Al confirmar, se recargarán los archivos CSV.	Après confirmation, cela rechargera les fichiers CSV.	Dopo la conferma ricaricherà i file CSV.	確認後、CSVファイルが再読み込みされます。	After confirmation this will reload CSV files.	Po potwierdzeniu przeładuje pliki CSV.	Após a confirmação, isto irá recarregar os arquivos CSV.	After confirmation this will reload CSV files.	确认后将重新加载 CSV 文件。	After confirmation this will reload CSV files.	
Options.WARNING[Tree_Controller.Tree_Controller.TreeControllerMod.TreeControllerSettings.ReloadCSVsButton]	CSV Dateien neu laden?	Reload CSV files?	¿Recargar archivos CSV?	Recharger les fichiers CSV ?	Ricaricare i file CSV?	CSVファイルを再読み込みしますか？	Reload CSV files?	Przeładować pliki CSV?	Recarregar arquivos CSV?	Reload CSV files?	是否重新加载 CSV 文件？	Reload CSV files?	
Options.OPTION[Tree_Controller.Tree_Controller.TreeControllerMod.TreeControllerSettings.SafelyRemoveButton]	Sicher entfernen	Safely Remove	Eliminar de forma segura	Retirer en toute sécurité	Rimozione Sicura	安全に削除	Safely Remove	Bezpiecznie usuń	Remoção segura	Safely Remove	安全移除	Safely Remove	
Options.OPTION_DESCRIPTION[Tree_Controller.Tree_Controller.TreeControllerMod.TreeControllerSettings.SafelyRemoveButton]	Entfernt Tree controller Mod-Komponenten und setzt Baum- und Buschmodellzustände zurück. Nur im Winter und ende Herbst notwendig. Um die Einstellung rückgängig zu machen, muss der Reset-Button verwendet werden.	Removes Tree Controller mod components and resets tree and bush model states. Only necessary during Winter and very end of Autumn. Must use reset button to undo setting change.	Elimina los componentes del mod Tree Controller y restablece los estados del modelo de árbol y arbusto. Solo es necesario durante el invierno y al final de otoño. Debe usar el botón de restablecer para deshacer el cambio de ajuste.	Supprime les composants du mode 'Tree Controller' et réinitialise les états de l'arbre et du modèle de brousse. Nécessaire uniquement pendant l'hiver et la fin de l'automne. Vous devez utiliser le bouton de réinitialisation pour annuler la modification des paramètres.	Rimuove i componenti della mod Tree Controller e ripristina lo stato di Alberi e Cespugli. Necessario solamente durante l'Inverno e la parte finale dell'Autunno. Devi usare il pulsante reset per annullare i cambiamenti.	Tree Controller MOD構成を削除し、木と低木の状態をリセットします。 この機能は冬と秋にのみ必要です。設定の変更を取り消すにはリセットボタンを使用してください。	Removes Tree Controller mod components and resets tree and bush model states. Only necessary during Winter and very end of Autumn. Must use reset button to undo setting change.	Usuwa komponenty moda Tree Controller i przywraca stany modelów drzew i krzewów. Konieczne tylko zimą i późną jesienią. Aby cofnąć zmiany, należy użyć przycisku reset.	Remove os componentes de mods do Tree Controller e redefine os estados dos modelos de árvore e arbustos. Somente é necessário durante o Inverno e o próprio fim do Outono. Deve usar o botão de reinicialização para desfazer a mudança de configuração.	Removes Tree Controller mod components and resets tree and bush model states. Only necessary during Winter and very end of Autumn. Must use reset button to undo setting change.	删除 Tree Controller 模组的组件并重置植被的状态和颜色。此功能仅在秋季与冬季需要。若要撤销更改，须使用下方的重置功能。 	Removes Tree Controller mod components and resets tree and bush model states. Only necessary during Winter and very end of Autumn. Must use reset button to undo setting change.	
Options.WARNING[Tree_Controller.Tree_Controller.TreeControllerMod.TreeControllerSettings.SafelyRemoveButton]	Tree Controller Komponente entfernen und den Baum- und Buschmodellstatus zurücksetzen?	Remove Tree Controller mod components and reset tree and bush model states?	¿Eliminar componentes de Tree Controller y restablecer los estados del modelo de árbol y arbusto?	Supprimer les composants du mode 'Tree Controller' et réinitialiser l'état des arbres et broussailles?	Rimuovere i componenti della mod Tree Controller e resettare lo stato di Alberi e Cespugli?	Tree ControllerのMod構成を削除し、木と低木の状態をリセットしますか？	Remove Tree Controller mod components and reset tree and bush model states?	Na pewno chcesz usunąć komponenty moda Tree Controller i przywrócić stany modelów drzew i krzewów?	Remove componentes do mod Tree Controller e reseta as configurações de Árvores e arbustos	Remove Tree Controller mod components and reset tree and bush model states?	是否删除 Tree Controller 模组的组件并重置植被的状态和颜色？	Remove Tree Controller mod components and reset tree and bush model states?	
Options.OPTION[Tree_Controller.Tree_Controller.TreeControllerMod.TreeControllerSettings.ResetModSettings]	Tree Controller Einstellungen zurücksetzen	Reset Tree Controller Settings	Restablecer ajustes de Tree Controller	Réinitialiser les paramètres du contrôleur d'arbre	Ripristina le Impostazioni della mod Tree Controller	Tree Controllerの設定をリセットする	Reset Tree Controller Settings	Zresetuj ustawienia Tree Controller	Redefinir Configurações de Tree Controller	Reset Tree Controller Settings	重置 Tree Controller 的设置	Reset Tree Controller Settings	
Options.OPTION_DESCRIPTION[Tree_Controller.Tree_Controller.TreeControllerMod.TreeControllerSettings.ResetModSettings]	Nach Bestätigung werden die Tree Controller Einstellungen zurückgesetzt.	After confirmation this will reset Tree Controller Settings.	Al confirmar, se restablecerá la configuración de Tree Controller.	Après confirmation, cela réinitialisera les paramètres du contrôleur d'arbre.	Dopo la conferma ripristinerà le Impostazioni della mod Tree Controller.	確認後、Tree Controllerの設定をリセットします。	After confirmation this will reset Tree Controller Settings.	Po potwierdzeniu zresetuje ustawienia Tree Controller.	Após a confirmação, isso irá resetar as Configurações do Tree Controller.	After confirmation this will reset Tree Controller Settings.	确认后将重置 Tree Controller 的设置。	After confirmation this will reset Tree Controller Settings.	
Options.WARNING[Tree_Controller.Tree_Controller.TreeControllerMod.TreeControllerSettings.ResetModSettings]	Tree Controller Einstellungen zurücksetzen?	Reset Tree Controller Settings?	¿Restablecer ajustes de Tree Controller?	Réinitialiser les paramètres du contrôleur d'arbre?	Ripristinare le Impostazioni della mod Tree Controller?	Tree Controllerの設定をリセットしますか？	Reset Tree Controller Settings?	Na pewno chcesz zresetować ustawienia Tree Controller?	Redefinir Configurações de Tree Controller?	Reset Tree Controller Settings?	重置 Tree Controller 的设置？	Reset Tree Controller Settings?	
Options.Tree_Controller.Tree_Controller.TreeControllerMod.COLORVARIATIONSETYYTC[Yenyangs]	Yenyang's	Yenyang's	Yenyang's	Yenyang's	Yenyang	Yenyang's	Yenyang's	Yenyang	Yenyang	Yenyang's	Yenyang's	Yenyang's	
Options.Tree_Controller.Tree_Controller.TreeControllerMod.COLORVARIATIONSETYYTC[Vanilla]	Vanilla	Vanilla	Juego base/Vanilla	Jeu de base	Classico	バニラ	Vanilla	Domyślny	Sem modificações (Vanilla)	Vanilla	原版	Vanilla	
Options.Tree_Controller.Tree_Controller.TreeControllerMod.COLORVARIATIONSETYYTC[Custom]	Benutzerdefiniert	Custom	Personalizado	Personnalisé	Personalizzato	カスタム	Custom	Własny	Personalizado	Custom	自定义	Custom	
Options.Tree_Controller.Tree_Controller.TreeControllerMod.AGESELECTIONOPTIONS[RandomEqualWeight]	Völlig zufällig	Random: Equal Weight	Aleatorio: Equitativo	Aléatoire : Poids égal	Casuale: Equilibrato	ランダム: 完全にランダム	Random: Equal Weight	Losowa: zrównoważona	Aleatório: Peso igual	Random: Equal Weight	随机：等权	Random: Equal Weight	
Options.Tree_Controller.Tree_Controller.TreeControllerMod.AGESELECTIONOPTIONS[RandomWeighted]	Zufällig mit einer vom Editor festgelegten Tendenz	Random: Weighted	Aleatorio: Ponderado	Aléatoire: Pondérée	Casuale: Ponderato	ランダム: ユーザー設定値	Random: Weighted	Losowa: ważona	Aleatório: Ponderado	Random: Weighted	随机：加权	Random: Weighted	
Options.OPTION[Tree_Controller.Tree_Controller.TreeControllerMod.TreeControllerSettings.AgeSelectionTechnique]	Technik der Altersauswahl	Age Selection Technique	Técnica de Selección de Edad	Technique de sélection de l'âge	Algoritmo Di Selezione Dell'Età	ランダムな樹齢の設定	Age Selection Technique	Technika selekcji wzrostu	Técnica da seleção de idade	Age Selection Technique	植被随机年龄选择方式	Age Selection Technique	
Options.OPTION_DESCRIPTION[Tree_Controller.Tree_Controller.TreeControllerMod.TreeControllerSettings.AgeSelectionTechnique]	Wenn mehrere Baumalter ausgewählt sind, wird eines mit dieser Option gewählt. Völlig zufällig, oder zufällig mit einer Neigung die von dem Editor festgelegt wird.	When multiple Tree Ages are selected, one will be selected using this option. Random: Equal Weight is just a random selection. Random: Weighted randomly selected using game's editor weights.	Cuando se seleccionan varias edades de árboles, una será seleccionada usando esta opción. Aleatorio: Equitativo es simplemente una selección al azar. Aleatorio: Ponderado, es seleccionado al azar usando los pesos del editor del juego.	Quand plusieurs sortent d'âge sont sélectionnées, un arbre aura une de ces options : Distribution égal = aura une proportion égal de jeune arbre et d'arbre adulte. Distribution forestière = aura une proportion plus grande d'arbre adulte.	Quando sono selezionate più Età degli Alberi, devi specificare utilizzando questa opzione. Casuale: Equilibrato è semplicemente una selezione casuale. Casuale: Ponderato selezionato casualmente utilizzando gli algoritmi dell'editor del gioco.	複数の樹齢が選択されている場合、ランダムの設定を選択する必要があります。ランダム: 完全にランダム は自動で完全にランダムな値が入れられ、 ランダム: ユーザー設定値 はユーザーが設定した値からランダムに選ばれます。	When multiple Tree Ages are selected, one will be selected using this option. Random: Equal Weight is just a random selection. Random: Weighted randomly selected using game's editor weights.	Jeśli wybrano wiele stanów wzrostu drzew, za pomocą tej opcji zostanie wybrany jeden. Losowa: zrównoważona to losowy wybór. Losowa: ważona korzysta z wag edytora gry.	Quando Árvores de múltiplas Idades de são selecionadas, um será selecionado usando esta opção. 
Aleatório: Peso igual é apenas uma seleção aleatória. Aleatória: pesos selecionados aleatoriamente usando os pesos editores do jogo.	When multiple Tree Ages are selected, one will be selected using this option. Random: Equal Weight is just a random selection. Random: Weighted randomly selected using game's editor weights.	当选择了多个植被年龄时，需要使用该选项选择树龄的随机计算方式。 “随机：等权”是完全的随机选择。 “随机：加权”根据游戏编辑器设定的权重随机选择。	When multiple Tree Ages are selected, one will be selected using this option. Random: Equal Weight is just a random selection. Random: Weighted randomly selected using game's editor weights.	
Options.TOOLTIPYYTC[WholeMapApply]	Rechtsklick zum Anwenden.	Right Click to Apply.	Clic derecho para aplicar.	Faites un clic droit pour appliquer.	Fare Clic Destro per Applicare.	右クリックして適用	Right Click to Apply.	Kliknij prawy przycisk myszy, aby zastosować.	Clique direito para aplicar.	Right Click to Apply.	右键单击以应用。	Right Click to Apply.	
YY_TREE_CONTROLLER[ToolMode]	Werkzeugmodus	Tool Mode	Modo Herramienta	Mode outil	Modalità Strumento	ツールモード	Tool Mode	Narzędzia	Modo Ferramenta	Tool Mode	工具模式	Tool Mode	
YY_TREE_CONTROLLER[Selection]	Auswahl	Selection	Selección	Sélection	Selezione	選択	Selection	Wybór	Seleção	Selection	替换方式	Selection	
YY_TREE_CONTROLLER[Radius]	Radius	Radius	Radio	Rayon	Raggio	半径	Radius	Szerokość	Raio	Radius	半径	Radius	
YY_TREE_CONTROLLER[Sets]	Sets	Sets	Colecciones	Ensembles	Set	設定	Sets	Zestaw	Conjuntos	Sets	种类	Sets	
YY_TREE_CONTROLLER[Rotation]	Drehung	Rotation	Rotación	Orientation	Direzione	回転	Rotation	Obrót	Rotação	Rotation	旋转	Rotation	
YY_TREE_CONTROLLER[building-or-net]	Ganze Gebäude oder Netz	Whole Building or Net	Todo el edificio o red	Tout le bâtiment ou Nette	Intero Edificio o Rete	建物全体または道路	Whole Building or Net	Cały budynek lub sieć	Construção completa ou rede	Whole Building or Net	整个建筑或者路段	Whole Building or Net	
YY_TREE_CONTROLLER_DESCRIPTION[building-or-net]	Wählt jeden Baum in einem ganzen Gebäude oder Netzwerk aus. Sie können die Art der Bäume in Netzen nicht ändern.	Selects every tree in a whole building or network. You cannot change type of trees in nets.	Selecciona cada árbol en todo un edificio o red. No puedes cambiar el tipo de árboles en las redes.	Sélectionne chaque arbre dans un bâtiment ou un réseau entier. Vous ne pouvez pas changer le type d'arbres dans les réseaux.	Seleziona ogni albero di un intero edificio o rete. Non puoi cambiare il tipo di alberi delle reti.	建物または道路セグメント内のすべての木を選択します。樹種の置換はできません。	Selects every tree in a whole building or network. You cannot change type of trees in nets.	Wybierz każde drzewo w całym budynku lub sieci. Nie można zmienić typu drzew w sieciach.	Seleciona cada árvore em um edifício ou rede completa. Você não pode mudar o tipo de árvores em redes.	Selects every tree in a whole building or network. You cannot change type of trees in nets.	选择整个建筑或者路段上的每棵植被。 但无法替换路段上植被的类型。	Selects every tree in a whole building or network. You cannot change type of trees in nets.	
YY_TREE_CONTROLLER[single-tree]	Einzelner Baum	Single Tree	Árbol individual	Arbre unique	Albero Singolo	一本の木	Single Tree	Pojedyncze drzewo	Árvore única	Single Tree	单棵植被	Single Tree	
YY_TREE_CONTROLLER_DESCRIPTION[single-tree]	Wählt einen einzelnen Baum in einem Gebäude, Netz oder auf der Karte aus. Sie können die Art der Bäume in Netzen nicht ändern.	Selects a single tree in a building, net, or on the map. You cannot change type of trees in nets.	Selecciona un solo árbol en un edificio, red o en el mapa. No puedes cambiar el tipo de árboles en las redes.	Sélectionne chaque arbre dans un bâtiment ou un réseau entier ou dans la carte. Vous ne pouvez pas changer le type d'arbres dans les réseaux.	Seleziona un solo albero in un edificio, una rete o sulla mappa. Non puoi cambiare il tipo di alberi nelle reti.	建物または道路セグメント内の一本の木を選択します。樹種の置換はできません。	Selects a single tree in a building, net, or on the map. You cannot change type of trees in nets.	Wybierz pojedyncze drzewo w budynku, sieci lub na mapie. Nie można zmienić typu drzew w sieciach.	Seleciona uma única árvore em um edifício, rede ou no mapa. Você não pode mudar o tipo de árvores em redes.	Selects a single tree in a building, net, or on the map. You cannot change type of trees in nets.	选择单棵植被进行替换。 但无法替换路段上植被的类型。	Selects a single tree in a building, net, or on the map. You cannot change type of trees in nets.	
YY_TREE_CONTROLLER[radius]	Radius	Radius	Radio	Rayon	Raggio	半径	Radius	Promień	Raio	Radius	圆形区域	Radius	
YY_TREE_CONTROLLER_DESCRIPTION[radius]	Wählt jeden Baum in einem Radius aus, einschließlich der Bäume in Gebäuden, Netzen oder auf der Karte. Sie sollten es vermeiden, den Typ der Bäume in Netzen zu ändern.	Selects every tree in a radius including those in buildings, nets, or on the map. You should avoid changing type of trees in nets.	Selecciona cada árbol en un radio incluyendo aquellos en edificios, redes, o en el mapa. Debes evitar cambiar el tipo de árboles en las redes.	Sélectionne chaque arbre dans un rayon incluant ceux des bâtiments, des réseaux ou sur la carte. Vous devriez éviter de changer le type d'arbres dans les réseaux.	Seleziona ogni albero in un raggio compresi quelli negli edifici, reti o sulla mappa. Dovresti evitare di cambiare il tipo di alberi nelle reti.	半径内にある建物、道路、マップ上の全ての木を選択します。道路上の樹種を置換するとエラーが起きる可能性があります。	Selects every tree in a radius including those in buildings, nets, or on the map. You should avoid changing type of trees in nets.	Wybierz każde drzewo w promieniu, w tym drzewa w budynkach, sieciach lub na mapie. Należy unikać zmiany typu drzew w sieciach.	Seleciona cada árvore em um raio, incluindo em edifícios, redes ou no mapa. Você deve evitar mudar o tipo de árvore em redes.	Selects every tree in a radius including those in buildings, nets, or on the map. You should avoid changing type of trees in nets.	选择圆形区域内的每棵植被进行替换。 为避免产生不必要的错误，您应该避免替换路段上植被的类型。	Selects every tree in a radius including those in buildings, nets, or on the map. You should avoid changing type of trees in nets.	
YY_TREE_CONTROLLER[whole-map]	Ganze Karte	Whole Map	Todo el mapa	Carte entière	Mappa Intera	マップ全体	Whole Map	Cała mapa	Todo o Mapa	Whole Map	整个地图	Whole Map	
YY_TREE_CONTROLLER_DESCRIPTION[whole-map]	Wählt alle Bäume in jedem Gebäude, Netz oder auf der Karte aus. Seien Sie vorsichtig, wie Sie dies verwenden. Rechtsklick zum Anwenden. Sie sollten es vermeiden, die Art der Bäume in Netzen zu ändern.	Selects all trees in every building, net, or on the map. Be careful how you use this. Right click to apply. You should avoid changing type of trees in nets.	Selecciona todos los árboles en cada edificio, red o en el mapa. Ten cuidado con cómo lo usas. Haga clic derecho para aplicar. Evita cambiar el tipo de árboles en las redes.	Sélectionne tous les arbres de chaque bâtiment, réseau ou sur la carte. Faites attention à comment vous utilisez ceci. Faites un clic droit pour appliquer. Vous devriez éviter de changer le type d'arbres dans les réseaux.	Seleziona tutti gli alberi in ogni edificio, rete o sulla mappa. Fai attenzione a come lo utilizzi. Fare clic destro per applicare. Dovresti evitare di cambiare il tipo di albero nelle reti.	建物、道路、マップ上にある全ての木を選択します。使い方に注意してください。 右クリックで適用します。道路上の樹種を置換するとエラーが起きる可能性があります。	Selects all trees in every building, net, or on the map. Be careful how you use this. Right click to apply. You should avoid changing type of trees in nets.	Wybiera wszystkie drzewa w budynkach, sieciach lub na mapie. Uważaj, jak tego używasz. Kliknij prawy przycisk myszy, aby zastosować. Należy unikać zmiany typu drzew w sieciach.	Seleciona todas as árvores em cada prédio, rede ou no mapa. Tenha cuidado como usar isto. Clique com o botão direito para aplicar. Você deve evitar mudar o tipo de árvore em redes.	Selects all trees in every building, net, or on the map. Be careful how you use this. Right click to apply. You should avoid changing type of trees in nets.	选择整个地图上所有的植被。此功能无法逆转，请谨慎使用。选择完毕后，右键单击以应用。为避免产生不必要的错误，您应该避免替换路段上植被的类型。	Selects all trees in every building, net, or on the map. Be careful how you use this. Right click to apply. You should avoid changing type of trees in nets.	
YY_TREE_CONTROLLER[child]	Kind	Child	Árbol Pequeño	Enfant	Arboscello	幼い	Child	Niemowlę	Criança	Child	年幼的	Child	
YY_TREE_CONTROLLER_DESCRIPTION[child]	Im Wesentlichen ein Setzling. Erste Stufe des Baumwachstums.	Essentially a Sapling. First stage of tree growth.	Esencialmente un brote de árbol. Primera etapa del crecimiento de árboles.	Essentiellement une poussée. Première étape de la croissance des arbres.	Essenzialmente un Arboscello. Primo stadio di crescita dell'albero.	苗木、成長第一段階	Essentially a Sapling. First stage of tree growth.	Zasadniczo sadzonka. Pierwszy etap rozwoju drzewa.	Essencialmente uma Muda. Primeiro estágio do crescimento das árvores.	Essentially a Sapling. First stage of tree growth.	基本上是一棵树苗， 这是树木生长的第一阶段。	Essentially a Sapling. First stage of tree growth.	
YY_TREE_CONTROLLER[teen]	jugendlich	teen	Árbol Adolescente	adolescent	giovane	若い	teen	Młode	Jovem	teen	年轻的	teen	
YY_TREE_CONTROLLER_DESCRIPTION[teen]	Ein junger Baum. Zweite Stufe des Baumwachstums.	A young tree. Second stage of tree growth.	Un árbol joven. Segunda etapa del crecimiento de árboles.	Un jeune arbre. Deuxième étape de la croissance des arbres.	Un albero giovane. Seconda fase di crescita dell'albero.	若い木、成長第二段階	A young tree. Second stage of tree growth.	Młode drzewo. Drugi etap rozwoju drzewa.	Uma árvore jovem. Segunda fase de crescimento em árvore.	A young tree. Second stage of tree growth.	年轻的树木，这是树木生长的第二阶段。	A young tree. Second stage of tree growth.	
YY_TREE_CONTROLLER[adult]	Erwachsener	Adult	Árbol Adulto	Adulte	Adulto	成熟した	Adult	Dojrzałe	Adulta	Adult	成年的	Adult	
YY_TREE_CONTROLLER_DESCRIPTION[adult]	Ein reifer Baum, aber nicht die größte Größe. Dritte stufe des Baumwachstums.	A mature tree but not the largest size. Third stage of tree growth.	Un árbol maduro pero no el más grande. Tercera etapa del crecimiento de árboles.	Un arbre mature, mais pas la plus grande taille. Troisième étape de la croissance des arbres.	Un albero maturo ma non ancora il più grande. Terzo stadio di crescita dell'albero.	成熟した木（大きくない）、成長第三段階	A mature tree but not the largest size. Third stage of tree growth.	Dojrzałe drzewo, ale nie w największej formie. Trzeci etap rozwoju drzewa.	Uma árvore madura, mas não o maior tamanho. Terceiro estágio de crescimento de árvore.	A mature tree but not the largest size. Third stage of tree growth.	成年的树木，但还不是最高大的时候，这是树木生长的第三阶段。	A mature tree but not the largest size. Third stage of tree growth.	
YY_TREE_CONTROLLER[elderly]	Älter	Elderly	Árbol Anciano	Aînés	Antico	高齢	Elderly	Stare	Idosa	Elderly	年老的	Elderly	
YY_TREE_CONTROLLER_DESCRIPTION[elderly]	Die ältesten und größten Bäume. Die vierte Stufe des Baumwachstums.	The oldest and largest sized trees. Fourth stage of tree growth.	Los árboles más antiguos y de mayor tamaño. Cuarta etapa del crecimiento de árboles.	Les arbres les plus anciens et les plus grands. Quatrième étape de la croissance de l'arbre.	Gli alberi più antichi e più grandi. Quarta fase di crescita degli alberi.	高齢で大きな木、成長第四段階	The oldest and largest sized trees. Fourth stage of tree growth.	Najstarsze i największe drzewo. Czwarty etap rozwoju drzewa.	As maiores árvores e mais antigas. Quarta fase de crescimento de árvore.	The oldest and largest sized trees. Fourth stage of tree growth.	最古老和最高大的树木，这是树木生长的第四阶段。	The oldest and largest sized trees. Fourth stage of tree growth.	
YY_TREE_CONTROLLER[dead]	Tot	Dead	Árbol Muerto	Mort	Morto	枯れた	Dead	Martwe	Morto/Hibernação	Dead	枯萎的	Dead	
YY_TREE_CONTROLLER_DESCRIPTION[dead]	Ein kahler, blattloser Baum. Endstadium des Baumwachstums. Entwickelt sich schließlich wieder zu einem jungen Baum (Setzling).	A bare, leafless tree. Final stage of tree growth. Will eventually cycle back into a child (sapling) tree.	Un árbol sin hojas. Última etapa de crecimiento de árboles. Con el tiempo volverá a un árbol infantil.	Un arbre dénué et sans feuille. Étape finale de la croissance des arbres. Il finira par revenir un arbre enfant (pousse).	Un albero nudo, senza foglie. Fase finale di crescita dell'albero. Ricomincerà il ciclo come seme (arboscello).	葉が落ちた木、成長最終段階。最終的に苗木に戻る。	A bare, leafless tree. Final stage of tree growth. Will eventually cycle back into a child (sapling) tree.	Nagie, bezlistne drzewo. Ostateczny etap rozwoju drzewa. Z czasem powróci do etapu niemowlęcia (sadzonki).	Uma árvore sem folhas, despida. Estágio final do crescimento da árvore. Eventualmente retornará ao ciclo como uma árvore jovem (muda).	A bare, leafless tree. Final stage of tree growth. Will eventually cycle back into a child (sapling) tree.	枯萎的树木，这是树木生长的最后阶段。最终，它们将消失并重新生长为树苗。	A bare, leafless tree. Final stage of tree growth. Will eventually cycle back into a child (sapling) tree.	
YY_TREE_CONTROLLER[clear-ages]	Alle Altersgruppen ein-/ausschalten	Toggle all Ages on/off	Alternar todas las edades	Activer/Désactiver tous les âges	Attiva/disattiva tutte le età	すべての樹齢のオン/オフを切り替える	Toggle all Ages on/off	Wł/wył Wszystkie etapy	Ligar/desligar todas as Idades	Toggle all Ages on/off	选择/取消选择所有树龄	Toggle all Ages on/off	
YY_TREE_CONTROLLER_DESCRIPTION[clear-ages]	Wählt entweder alle oder keine der Altersgruppen aus, je nach Ihrer aktuellen Auswahl. Wenn Sie keines ausgewählt haben, wird immer ein Erwachsener ausgewählt.	Either selects all or none of the ages depending on your current selection. Having none selected will always default to adult.	Seleccione todas o ninguna de las edades dependiendo de su selección actual. Al no seleccionar ninguna, se seleccionarán árboles adultos de forma predeterminada.	Sélectionne tous les types d'age ou aucun en fonction de votre sélection actuelle. Si aucune sélection n'est sélectionnée, l'arbre sera toujours adulte.	Seleziona tutte o nessuna delle età a seconda della selezione corrente. Non avere una selezione imposterà Adulto come predefinito.	現在選択されている樹齢ですべて設定するか、設定しないかを選択します。選択されていない場合はデフォルトで成熟した木になります。	Either selects all or none of the ages depending on your current selection. Having none selected will always default to adult.	W zależności od wyboru wszystkie lub żadne etapy. Jeśli nie zostanie wybrana żadna opcja, to domyślnym etapem jest dojrzałość.	Seleciona todas as idades ou nenhuma, dependendo da sua seleção atual. Não selecionar nenhuma sempre será o padrão para adulto	Either selects all or none of the ages depending on your current selection. Having none selected will always default to adult.	根据您的需要，要么选择全部树龄，要么取消选择树龄。取消选择后默认为成年树龄。	Either selects all or none of the ages depending on your current selection. Having none selected will always default to adult.	
YY_TREE_CONTROLLER[radius-up-arrow]	Radius vergößern	Increase Radius	Incrementar radio	Augmenter le rayon	Aumenta il raggio	半径を拡大	Increase Radius	Zwiększ promień	Aumentar o Raio	Increase Radius	增大半径	Increase Radius	
YY_TREE_CONTROLLER_DESCRIPTION[radius-up-arrow]	Erhöht den Selektionsradius.	Increases the selection radius.	Aumenta el radio de selección.	Augmente le rayon de sélection.	Aumenta il raggio di selezione.	選択半径を拡大します。	Increases the selection radius.	Zwiększa promień wyboru.	Aumenta o raio da seleção.	Increases the selection radius.	增大替换的半径。	Increases the selection radius.	
YY_TREE_CONTROLLER[radius-down-arrow]	Radius verkleinern	Decrease Radius	Disminuir radio	Diminuer le rayon	Riduce il Raggio	半径を縮小	Decrease Radius	Zmniejsz promień	Diminuir o Raio	Decrease Radius	减少半径	Decrease Radius	
YY_TREE_CONTROLLER_DESCRIPTION[radius-down-arrow]	Verringert den Selektionsradius.	Decreases the selection radius.	Disminuye el radio de selección.	Diminue le rayon de sélection.	Riduce il raggio di selezione.	選択半径を縮小します。	Decreases the selection radius.	Zmniejsza promień wyboru.	Diminua o raio de seleção.	Decreases the selection radius.	减少替换的半径。	Decreases the selection radius.	
YY_TREE_CONTROLLER[change-age-tool]	Baumalter Änderungswerkzeug	Change Tree Age Tool	Cambiar la edad del árbol	Outil de changement d'âge pour les arbres	Strumento Cambia Età Degli Alberi	樹齢変更ツール	Change Tree Age Tool	Zmień etap wzrostu drzewa	Alterar Idade da Árvore	Change Tree Age Tool	更改树龄工具	Change Tree Age Tool	
YY_TREE_CONTROLLER_DESCRIPTION[change-age-tool]	Ein Werkzeug zum Ändern des Alters von bestehenden Bäumen.	A custom tool for changing the ages of existing trees.	Una herramienta personalizada para cambiar la edad de los árboles existentes.	Un outil pour changer l'âge des arbres déjà posé.	Uno strumento personalizzato per cambiare l'età degli alberi esistenti.	既存の木の年齢を変更するツールです。	A custom tool for changing the ages of existing trees.	Niestandardowe narzędzie do zmiany etapu wzrostu drzewa.	Uma ferramenta personalizada para mudar a idade das árvores existentes.	A custom tool for changing the ages of existing trees.	一个用于改变现有树龄的自定义工具。	A custom tool for changing the ages of existing trees.	
YY_TREE_CONTROLLER[change-prefab-tool]	Baumtyp Änderungswerkzeug	Change Tree Type Tool	Cambiar herramienta de tipo de árbol	Outil pour change le type d'arbre	Strumento Cambia Tipo Di Alberi	樹種変更ツール	Change Tree Type Tool	Zamień typ drzewa	Ferramenta para alterar o tipo de árvore.	Change Tree Type Tool	更改植被类型工具	Change Tree Type Tool	
YY_TREE_CONTROLLER_DESCRIPTION[change-prefab-tool]	Ein Werkzeug zum Ändern des Typs und/oder Alters von bestehenden Bäumen.	A custom tool for changing the type and/or age of existing trees.	Una herramienta personalizada para cambiar el tipo y/o la edad de los árboles existentes.	Un outil pour change le type ou/et l'âge des arbres existants.	Uno strumento personalizzato per cambiare il tipo e/o l'età degli alberi esistenti.	既存の木の種類を変更するツールです。	A custom tool for changing the type and/or age of existing trees.	Niestandardowe narzędzie do zmiany typu i/lub etapu rozwoju istniejących drzew.	Uma ferramenta personalizada para alterar o tipo e/ou idade das árvores existentes.	A custom tool for changing the type and/or age of existing trees.	一个用于改变现有植被类型的自定义工具。	A custom tool for changing the type and/or age of existing trees.	
YY_TREE_CONTROLLER[wild-deciduous-trees]	Wilde Laubbäume	Wild Deciduous	Salvaje de hoja caduca	Feuillus sauvages	Caducifoglie Selvatici	落葉樹	Wild Deciduous	Dzikie liściaste	Arvore de transição Selvagem	Wild Deciduous	落叶树	Wild Deciduous	
YY_TREE_CONTROLLER_DESCRIPTION[wild-deciduous-trees]	Erle, Birke, Platane, Linde, Hickory, Kastanie und Eiche. Enthält nicht Apfel und Pappel.	Alder, Birch, London Plane, Linden, Hickory, Chestnut, and Oak. Does not include Apple and Poplar.	Aliso, Abedul, Plátano de Londres, Tilo, Nogal, Castaño y Roble. No incluye Manzano y Álamo.	Aulne, bouleau, platane de Londres, tilleul, caryer, châtaignier et chêne. N'inclut pas le Pommier et le Peuplier.	Ontani, Betulle, Platani, Tigli, Noci, Castagni e Querce. Non include Meli e Pioppi.	リンゴの木とポプラを除いたハンノキ、カバノキ、ユーカリ、リンデン、ヒッコリー、栗の木、オークが含まれます。	Alder, Birch, London Plane, Linden, Hickory, Chestnut, and Oak. Does not include Apple and Poplar.	Olcha, brzoza, platan klonolistny, lipa, orzesznik, kasztan i dąb. Nie zawiera jabłoni i topoli.	Amiero, Betula, Plátano-de-Londres, Tília, Nogueira-preta, Castanheiro, Carvalho. Não inclui Macieira e Álamo	Alder, Birch, London Plane, Linden, Hickory, Chestnut, and Oak. Does not include Apple and Poplar.	包括了桤木、桦树、英桐、椴树、山胡桃木、栗树和橡树。不包括苹果树和杨树。	Alder, Birch, London Plane, Linden, Hickory, Chestnut, and Oak. Does not include Apple and Poplar.	
YY_TREE_CONTROLLER[evergreen-trees]	Immergrün	Evergreen	Hoja perenne	Arbres feuillus	Sempreverdi	常緑樹	Evergreen	Wiecznie zielone	Sempre-verde	Evergreen	常绿树	Evergreen	
YY_TREE_CONTROLLER_DESCRIPTION[evergreen-trees]	Kiefern und Fichten.	Pine and spruce trees.	Árboles de pino y abeto.	Pins et épicéas.	Pini e abeti.	松とトウヒの木。	Pine and spruce trees.	Sosny i świerki.	Pinheiro e Abeto.




	Pine and spruce trees.	松树和云杉。	Pine and spruce trees.	
YY_TREE_CONTROLLER[wild-bushes]	Wilde Büsche	Wild Bushes	Arbustos salvajes	Buissons Sauvages	Cespugli Incolti	低木	Wild Bushes	Dzikie krzewy	Arbustos selvagens	Wild Bushes	野生灌木	Wild Bushes	
YY_TREE_CONTROLLER_DESCRIPTION[wild-bushes]	Grün und blühende wilde Büsche.	Green and flowering wild bushes.	Arbustos silvestres verdes y floridos.	Des buissons verts et florissants.	Cespugli selvatici verdi e floreali.	低木と花	Green and flowering wild bushes.	Zielone i kwitnące dzikie krzewy.	Arbustos verdes e floridos selvagens.




	Green and flowering wild bushes.	野生灌木丛和野生花丛。	Green and flowering wild bushes.	
YY_TREE_CONTROLLER[plop-tree]	Eins platzieren	Place One	Colocar uno	Placer un seul	Posiziona Uno	単数配置	Place One	Umieść jeden	Colocar uma	Place One	放置单个	Place One	
YY_TREE_CONTROLLER_DESCRIPTION[plop-tree]	Ein einzelnes Element auf der Karte platzieren.	Place an individual item on the map.	Coloca un objeto individual en el mapa.	Placer un élément sur la carte.	Posiziona un singolo elemento sulla mappa.	マップ上に 1 つのアイテムを配置します。	Place an individual item on the map.	Umieść pojedynczy obiekt na mapie.	Coloca um item individual no mapa.	Place an individual item on the map.	在地图上放置单个物品。	Place an individual item on the map.	
YY_TREE_CONTROLLER[brush-trees]	Mehrere platzieren	Place Multiple	Colocar múltiples	Placer plusieurs	Posiziona Multipli	複数配置	Place Multiple	Umieść wiele	Colocar Múltiplos	Place Multiple	放置多个	Place Multiple	
YY_TREE_CONTROLLER_DESCRIPTION[brush-trees]	Platziert mehrere Requisiten auf einmal. Die Pinselgröße bestimmt den Bereich und die Pinselstärke die Dichte der Elemente.	Place several items at once. Brush size determines the area, and brush strength the density of items.	Coloca varios objetos a la vez. El tamaño de la pincel determina el área, y la densidad de los objetos.	Placez plusieurs objets à la fois. La taille de la brosse détermine la zone et la force de la brosse la densité des objets.	Posiziona diversi elementi contemporaneamente. La dimensione del pennello determina l'area mentre la forza del pennello determina la densità.	複数のアイテムを一度に配置します。ブラシの大きさで面積、ブラシの強さでアイテムの密度が決まります。	Place several items at once. Brush size determines the area, and brush strength the density of items.	Umieść kilka obiektów naraz. Rozmiar pędzla wyznacza obszar, a nacisk zagęszczenie obiektów.	Coloca vários itens de uma só vez. O tamanho do pincel determina a área e a densidade dos itens.	Place several items at once. Brush size determines the area, and brush strength the density of items.	一次放置多个物体。笔刷粗细决定范围，笔刷强度决定物体密度。	Place several items at once. Brush size determines the area, and brush strength the density of items.	
YY_TREE_CONTROLLER[random-rotation]	Zufällige Rotationen	Random Rotation	Rotación aleatoria	Rotation aléatoire	Direzione Casuale	ランダムな回転	Random Rotation	Losowy obrót	Girar aleatoriamente	Random Rotation	随机旋转	Random Rotation	
YY_TREE_CONTROLLER_DESCRIPTION[random-rotation]	Wird den Baum oder Busch zufällig rotieren während er über die Karte bewegt wird.	Will randomly rotate the tree or bush as the tree or bush is moved to different positions on the map.	Rotará aleatoriamente el árbol o arbusto a medida que se mueve a diferentes posiciones en el mapa.	Fait pivoter aléatoirement l'arbre ou le buisson lorsque l'arbre ou le buisson est déplacé à différentes positions sur la carte.	Ruoterà casualmente l'albero o il cespuglio mentre vengono spostati in posizioni diverse sulla mappa.	マウスの移動に合わせ、木や低木をランダムに回転させます。	Will randomly rotate the tree or bush as the tree or bush is moved to different positions on the map.	Losowo obróci drzewo lub krzew, w miarę przesuwania drzewa lub krzewu po mapie.	Irá girar aleatoriamente a árvore ou o arbusto conforme a árvore ou o arbusto é movido para diferentes posições no mapa.	Will randomly rotate the tree or bush as the tree or bush is moved to different positions on the map.	随着鼠标的移动，待放置的植被也会随机旋转。	Will randomly rotate the tree or bush as the tree or bush is moved to different positions on the map.	
YY_TREE_CONTROLLER[custom-set-1]	Benutzerdefiniertes Set 1	Custom Set 1	Colección personalizada 1	Ensemble personnalisé 1	Set Personalizzato 1	カスタム設定１	Custom Set 1	Własny zestaw 1	Conjunto Personalizado 1	Custom Set 1	自定义设置 1	Custom Set 1	
YY_TREE_CONTROLLER_DESCRIPTION[custom-set-1]	Strg gedrückt halten, um mehrere Baumarten über die Symbolleiste auszuwählen oder die Auswahl aufzuheben. Dann Strg gedrückt halten und auf diese Schaltfläche klicken, um ein benutzerdefiniertes Set zu speichern. Sobald ein Set gespeichert wurde, auf diese Schaltfläche klicken, um das Set auszuwählen. Strg gedrückt halten, während Sie das Design wechseln, um das benutzerdefinierte Set beizubehalten.	Hold Ctrl to select or unselect multiple types of trees using the toolbar menu. Then hold Ctrl and click this button to save a custom set. Once a set has been saved, click this button to select that set. Hold Ctrl while switching themes to maintain the custom set.	Mantenga pulsado Ctrl para seleccionar o deseleccionar varios tipos de árboles usando el menú de la barra de herramientas. Luego mantenga presionado Ctrl y haga clic en este botón para guardar un conjunto personalizado. Una vez que un conjunto ha sido guardado, haga clic en este botón para seleccionar ese conjunto. Mantenga pulsado Ctrl mientras cambia los temas para mantener la colección personalizada.	Maintenez Ctrl enfoncé pour sélectionner ou désélectionner plusieurs types d'arbres à l'aide du menu de la barre d'outils. Puis maintenez Ctrl enfoncé et cliquez sur ce bouton pour enregistrer un ensemble personnalisé. Une fois qu'un ensemble a été enregistré, cliquez sur ce bouton pour sélectionner ce paramètre. Maintenez Ctrl enfoncé tout en changeant de thème pour maintenir le jeu personnalisé.	Tieni premuto Ctrl per selezionare o deselezionare più tipi di alberi utilizzando il menu della barra degli strumenti. Quindi tieni premuto Ctrl e clicca su questo pulsante per salvare un set personalizzato. Una volta che un set è stato salvato, clicca su questo pulsante per selezionarlo. Tenere premuto Ctrl mentre cambi i temi per mantenere il set personalizzato.	Ctrlを押しながら、ツールバーメニューを使って複数の種類の木を選択したり、選択解除したりすることができます。Ctrlを押しながらこのボタンをクリックすると、カスタム設定が保存されます。保存された設定はこのボタンを押すと選択されます。Ctrlを押しながらテーマを切り替えると、カスタム設定が維持されます。	Hold Ctrl to select or unselect multiple types of trees using the toolbar menu. Then hold Ctrl and click this button to save a custom set. Once a set has been saved, click this button to select that set. Hold Ctrl while switching themes to maintain the custom set.	Przytrzymaj klawisz Ctrl, aby zaznaczyć lub odznaczyć wiele typów drzew w menu roślinności. Następnie przytrzymaj klawisz Ctrl i kliknij ten przycisk, aby zapisać własny zestaw. Po zapisaniu zestawu kliknij ten przycisk, aby wybrać ten zestaw. Przytrzymaj klawisz Ctrl podczas przełączania motywów, aby zachować własny zestaw.	Segure Ctrl para selecionar ou desmarcar múltiplos tipos de árvores usando a barra de ferramentas. Em seguida, pressione Ctrl e clique neste botão para salvar um conjunto personalizado. Uma vez que um conjunto foi salvo, clique neste botão para selecionar o conjunto. Pressione Ctrl enquanto troca de temas para manter o conjunto personalizado.	Hold Ctrl to select or unselect multiple types of trees using the toolbar menu. Then hold Ctrl and click this button to save a custom set. Once a set has been saved, click this button to select that set. Hold Ctrl while switching themes to maintain the custom set.	按住 Ctrl 键可以在工具菜单里选择或取消选择多种类型的植被。 选择完毕后，按住 Ctrl 键并单击此按钮以保存自定义设置。保存设置后，单击此按钮可选中该自定义设置。切换主题时按住 Ctrl 键可保持自定义设置。	Hold Ctrl to select or unselect multiple types of trees using the toolbar menu. Then hold Ctrl and click this button to save a custom set. Once a set has been saved, click this button to select that set. Hold Ctrl while switching themes to maintain the custom set.	
YY_TREE_CONTROLLER[custom-set-2]	Benutzerdefiniertes Set 2	Custom Set 2	Colección personalizada 2	Ensemble personnalisé 2	Set Personalizzato 2	カスタム設定２	Custom Set 2	Własny zestaw 2	Conjunto Personalizado 2	Custom Set 2	自定义设置 2	Custom Set 2	
YY_TREE_CONTROLLER_DESCRIPTION[custom-set-2]	Strg gedrückt halten, um mehrere Baumarten über die Symbolleiste auszuwählen oder die Auswahl aufzuheben. Dann Strg gedrückt halten und auf diese Schaltfläche klicken, um ein benutzerdefiniertes Set zu speichern. Sobald ein Set gespeichert wurde, auf diese Schaltfläche klicken, um das Set auszuwählen. Strg gedrückt halten, während Sie das Design wechseln, um das benutzerdefinierte Set beizubehalten.	Hold Ctrl to select or unselect multiple types of trees using the toolbar menu. Then hold Ctrl and click this button to save a custom set. Once a set has been saved, click this button to select that set. Hold Ctrl while switching themes to maintain the custom set.	Mantenga pulsado Ctrl para seleccionar o deseleccionar varios tipos de árboles usando el menú de la barra de herramientas. Luego mantenga presionado Ctrl y haga clic en este botón para guardar un conjunto personalizado. Una vez que un conjunto ha sido guardado, haga clic en este botón para seleccionar ese conjunto. Mantenga pulsado Ctrl mientras cambia los temas para mantener la colección personalizada.	Maintenez Ctrl enfoncé pour sélectionner ou désélectionner plusieurs types d'arbres à l'aide du menu de la barre d'outils. Puis maintenez Ctrl enfoncé et cliquez sur ce bouton pour enregistrer un ensemble personnalisé. Une fois qu'un ensemble a été enregistré, cliquez sur ce bouton pour sélectionner ce paramètre. Maintenez Ctrl enfoncé tout en changeant de thème pour maintenir le jeu personnalisé.	Tieni premuto Ctrl per selezionare o deselezionare più tipi di alberi utilizzando il menu della barra degli strumenti. Quindi tieni premuto Ctrl e clicca su questo pulsante per salvare un set personalizzato. Una volta che un set è stato salvato, clicca su questo pulsante per selezionarlo. Tieni premuto Ctrl mentre cambi i temi per mantenere il set personalizzato.	Ctrlを押しながら、ツールバーメニューを使って複数の種類の木を選択したり、選択解除したりすることができます。Ctrlを押しながらこのボタンをクリックすると、カスタム設定が保存されます。保存された設定はこのボタンを押すと選択されます。Ctrlを押しながらテーマを切り替えると、カスタム設定が維持されます。	Hold Ctrl to select or unselect multiple types of trees using the toolbar menu. Then hold Ctrl and click this button to save a custom set. Once a set has been saved, click this button to select that set. Hold Ctrl while switching themes to maintain the custom set.	Przytrzymaj klawisz Ctrl, aby zaznaczyć lub odznaczyć wiele typów drzew w menu roślinności. Następnie przytrzymaj klawisz Ctrl i kliknij ten przycisk, aby zapisać własny zestaw. Po zapisaniu zestawu kliknij ten przycisk, aby wybrać ten zestaw. Przytrzymaj klawisz Ctrl podczas przełączania motywów, aby zachować własny zestaw.	Segure Ctrl para selecionar ou desmarcar múltiplos tipos de árvores usando a barra de ferramentas. Em seguida, pressione Ctrl e clique neste botão para salvar um conjunto personalizado. Uma vez que um conjunto foi salvo, clique neste botão para selecionar o conjunto. Pressione Ctrl enquanto troca de temas para manter o conjunto personalizado.	Hold Ctrl to select or unselect multiple types of trees using the toolbar menu. Then hold Ctrl and click this button to save a custom set. Once a set has been saved, click this button to select that set. Hold Ctrl while switching themes to maintain the custom set.	按住 Ctrl 键可以在工具菜单里选择或取消选择多种类型的植被。 选择完毕后，按住 Ctrl 键并单击此按钮以保存自定义设置。保存设置后，单击此按钮可选中该自定义设置。切换主题时按住 Ctrl 键可保持自定义设置。	Hold Ctrl to select or unselect multiple types of trees using the toolbar menu. Then hold Ctrl and click this button to save a custom set. Once a set has been saved, click this button to select that set. Hold Ctrl while switching themes to maintain the custom set.	
YY_TREE_CONTROLLER[custom-set-3]	Benutzerdefiniertes Set 3	Custom Set 3	Colección personalizada 3	Ensemble personnalisé 3	Set Personalizzato 3	カスタム設定３	Custom Set 3	Własny zestaw 3	Conjunto Personalizado 3	Custom Set 3	自定义设置 3	Custom Set 3	
YY_TREE_CONTROLLER_DESCRIPTION[custom-set-3]	Strg gedrückt halten, um mehrere Baumarten über die Symbolleiste auszuwählen oder die Auswahl aufzuheben. Dann Strg gedrückt halten und auf diese Schaltfläche klicken, um ein benutzerdefiniertes Set zu speichern. Sobald ein Set gespeichert wurde, auf diese Schaltfläche klicken, um das Set auszuwählen. Strg gedrückt halten, während Sie das Design wechseln, um das benutzerdefinierte Set beizubehalten.	Hold Ctrl to select or unselect multiple types of trees using the toolbar menu. Then hold Ctrl and click this button to save a custom set. Once a set has been saved, click this button to select that set. Hold Ctrl while switching themes to maintain the custom set.	Mantenga pulsado Ctrl para seleccionar o deseleccionar varios tipos de árboles usando el menú de la barra de herramientas. Luego mantenga presionado Ctrl y haga clic en este botón para guardar un conjunto personalizado. Una vez que un conjunto ha sido guardado, haga clic en este botón para seleccionar ese conjunto. Mantenga pulsado Ctrl mientras cambia los temas para mantener la colección personalizada.	Maintenez Ctrl enfoncé pour sélectionner ou désélectionner plusieurs types d'arbres à l'aide du menu de la barre d'outils. Puis maintenez Ctrl enfoncé et cliquez sur ce bouton pour enregistrer un ensemble personnalisé. Une fois qu'un ensemble a été enregistré, cliquez sur ce bouton pour sélectionner ce paramètre. Maintenez Ctrl enfoncé tout en changeant de thème pour maintenir le jeu personnalisé.	Tieni premuto Ctrl per selezionare o deselezionare più tipi di alberi utilizzando il menu della barra degli strumenti. Quindi tieni premuto Ctrl e clicca su questo pulsante per salvare un set personalizzato. Una volta che un set è stato salvato, clicca su questo pulsante per selezionarlo. Tieni premuto Ctrl mentre cambi i temi per mantenere il set personalizzato.	Ctrlを押しながら、ツールバーメニューを使って複数の種類の木を選択したり、選択解除したりすることができます。Ctrlを押しながらこのボタンをクリックすると、カスタム設定が保存されます。保存された設定はこのボタンを押すと選択されます。Ctrlを押しながらテーマを切り替えると、カスタム設定が維持されます。	Hold Ctrl to select or unselect multiple types of trees using the toolbar menu. Then hold Ctrl and click this button to save a custom set. Once a set has been saved, click this button to select that set. Hold Ctrl while switching themes to maintain the custom set.	Przytrzymaj klawisz Ctrl, aby zaznaczyć lub odznaczyć wiele typów drzew w menu roślinności. Następnie przytrzymaj klawisz Ctrl i kliknij ten przycisk, aby zapisać własny zestaw. Po zapisaniu zestawu kliknij ten przycisk, aby wybrać ten zestaw. Przytrzymaj klawisz Ctrl podczas przełączania motywów, aby zachować własny zestaw.	Segure Ctrl para selecionar ou desmarcar múltiplos tipos de árvores usando a barra de ferramentas. Em seguida, pressione Ctrl e clique neste botão para salvar um conjunto personalizado. Uma vez que um conjunto foi salvo, clique neste botão para selecionar o conjunto. Pressione Ctrl enquanto troca de temas para manter o conjunto personalizado.	Hold Ctrl to select or unselect multiple types of trees using the toolbar menu. Then hold Ctrl and click this button to save a custom set. Once a set has been saved, click this button to select that set. Hold Ctrl while switching themes to maintain the custom set.	按住 Ctrl 键可以在工具菜单里选择或取消选择多种类型的植被。 选择完毕后，按住 Ctrl 键并单击此按钮以保存自定义设置。保存设置后，单击此按钮可选中该自定义设置。切换主题时按住 Ctrl 键可保持自定义设置。	Hold Ctrl to select or unselect multiple types of trees using the toolbar menu. Then hold Ctrl and click this button to save a custom set. Once a set has been saved, click this button to select that set. Hold Ctrl while switching themes to maintain the custom set.	
YY_TREE_CONTROLLER[custom-set-4]	Benutzerdefiniertes Set 4	Custom Set 4	Colección personalizada 4	Ensemble personnalisé 4	Set Personalizzato 4	カスタム設定４	Custom Set 4	Własny zestaw 4	Conjunto Personalizado 4	Custom Set 4	自定义设置 4	Custom Set 4	
YY_TREE_CONTROLLER_DESCRIPTION[custom-set-4]	Strg gedrückt halten, um mehrere Baumarten über die Symbolleiste auszuwählen oder die Auswahl aufzuheben. Dann Strg gedrückt halten und auf diese Schaltfläche klicken, um ein benutzerdefiniertes Set zu speichern. Sobald ein Set gespeichert wurde, auf diese Schaltfläche klicken, um das Set auszuwählen. Strg gedrückt halten, während Sie das Design wechseln, um das benutzerdefinierte Set beizubehalten.	Hold Ctrl to select or unselect multiple types of trees using the toolbar menu. Then hold Ctrl and click this button to save a custom set. Once a set has been saved, click this button to select that set. Hold Ctrl while switching themes to maintain the custom set.	Mantenga pulsado Ctrl para seleccionar o deseleccionar varios tipos de árboles usando el menú de la barra de herramientas. Luego mantenga presionado Ctrl y haga clic en este botón para guardar un conjunto personalizado. Una vez que un conjunto ha sido guardado, haga clic en este botón para seleccionar ese conjunto. Mantenga pulsado Ctrl mientras cambia los temas para mantener la colección personalizada.	Maintenez Ctrl enfoncé pour sélectionner ou désélectionner plusieurs types d'arbres à l'aide du menu de la barre d'outils. Puis maintenez Ctrl enfoncé et cliquez sur ce bouton pour enregistrer un ensemble personnalisé. Une fois qu'un ensemble a été enregistré, cliquez sur ce bouton pour sélectionner ce paramètre. Maintenez Ctrl enfoncé tout en changeant de thème pour maintenir le jeu personnalisé.	Tieni premuto Ctrl per selezionare o deselezionare più tipi di alberi utilizzando il menu della barra degli strumenti. Quindi tieni premuto Ctrl e clicca su questo pulsante per salvare un set personalizzato. Una volta che un set è stato salvato, clicca su questo pulsante per selezionarlo. Tieni premuto Ctrl mentre cambi i temi per mantenere il set personalizzato.	Ctrlを押しながら、ツールバーメニューを使って複数の種類の木を選択したり、選択解除したりすることができます。Ctrlを押しながらこのボタンをクリックすると、カスタム設定が保存されます。保存された設定はこのボタンを押すと選択されます。Ctrlを押しながらテーマを切り替えると、カスタム設定が維持されます。	Hold Ctrl to select or unselect multiple types of trees using the toolbar menu. Then hold Ctrl and click this button to save a custom set. Once a set has been saved, click this button to select that set. Hold Ctrl while switching themes to maintain the custom set.	Przytrzymaj klawisz Ctrl, aby zaznaczyć lub odznaczyć wiele typów drzew w menu roślinności. Następnie przytrzymaj klawisz Ctrl i kliknij ten przycisk, aby zapisać własny zestaw. Po zapisaniu zestawu kliknij ten przycisk, aby wybrać ten zestaw. Przytrzymaj klawisz Ctrl podczas przełączania motywów, aby zachować własny zestaw.	Segure Ctrl para selecionar ou desmarcar múltiplos tipos de árvores usando a barra de ferramentas. Em seguida, pressione Ctrl e clique neste botão para salvar um conjunto personalizado. Uma vez que um conjunto foi salvo, clique neste botão para selecionar o conjunto. Pressione Ctrl enquanto troca de temas para manter o conjunto personalizado.	Hold Ctrl to select or unselect multiple types of trees using the toolbar menu. Then hold Ctrl and click this button to save a custom set. Once a set has been saved, click this button to select that set. Hold Ctrl while switching themes to maintain the custom set.	按住 Ctrl 键可以在工具菜单里选择或取消选择多种类型的植被。 选择完毕后，按住 Ctrl 键并单击此按钮以保存自定义设置。保存设置后，单击此按钮可选中该自定义设置。切换主题时按住 Ctrl 键可保持自定义设置。	Hold Ctrl to select or unselect multiple types of trees using the toolbar menu. Then hold Ctrl and click this button to save a custom set. Once a set has been saved, click this button to select that set. Hold Ctrl while switching themes to maintain the custom set.	
YY_TREE_CONTROLLER[custom-set-5]	Benutzerdefiniertes Set 5	Custom Set 5	Colección personalizada 5	Ensemble personnalisé 5	Set Personalizzato 5	カスタム設定５	Custom Set 5	Własny zestaw 5	Conjunto Personalizado 5	Custom Set 5	自定义设置 5	Custom Set 5	
YY_TREE_CONTROLLER_DESCRIPTION[custom-set-5]	Strg gedrückt halten, um mehrere Baumarten über die Symbolleiste auszuwählen oder die Auswahl aufzuheben. Dann Strg gedrückt halten und auf diese Schaltfläche klicken, um ein benutzerdefiniertes Set zu speichern. Sobald ein Set gespeichert wurde, auf diese Schaltfläche klicken, um das Set auszuwählen. Strg gedrückt halten, während Sie das Design wechseln, um das benutzerdefinierte Set beizubehalten.	Hold Ctrl to select or unselect multiple types of trees using the toolbar menu. Then hold Ctrl and click this button to save a custom set. Once a set has been saved, click this button to select that set. Hold Ctrl while switching themes to maintain the custom set.	Mantenga pulsado Ctrl para seleccionar o deseleccionar varios tipos de árboles usando el menú de la barra de herramientas. Luego mantenga presionado Ctrl y haga clic en este botón para guardar un conjunto personalizado. Una vez que un conjunto ha sido guardado, haga clic en este botón para seleccionar ese conjunto. Mantenga pulsado Ctrl mientras cambia los temas para mantener la colección personalizada.	Maintenez Ctrl enfoncé pour sélectionner ou désélectionner plusieurs types d'arbres à l'aide du menu de la barre d'outils. Puis maintenez Ctrl enfoncé et cliquez sur ce bouton pour enregistrer un ensemble personnalisé. Une fois qu'un ensemble a été enregistré, cliquez sur ce bouton pour sélectionner ce paramètre. Maintenez Ctrl enfoncé tout en changeant de thème pour maintenir le jeu personnalisé.	Tieni premuto Ctrl per selezionare o deselezionare più tipi di alberi utilizzando il menu della barra degli strumenti. Quindi tieni premuto Ctrl e clicca su questo pulsante per salvare un set personalizzato. Una volta che un set è stato salvato, clicca su questo pulsante per selezionarlo. Tieni premuto Ctrl mentre cambi i temi per mantenere il set personalizzato.	Ctrlを押しながら、ツールバーメニューを使って複数の種類の木を選択したり、選択解除したりすることができます。Ctrlを押しながらこのボタンをクリックすると、カスタム設定が保存されます。保存された設定はこのボタンを押すと選択されます。Ctrlを押しながらテーマを切り替えると、カスタム設定が維持されます。	Hold Ctrl to select or unselect multiple types of trees using the toolbar menu. Then hold Ctrl and click this button to save a custom set. Once a set has been saved, click this button to select that set. Hold Ctrl while switching themes to maintain the custom set.	Przytrzymaj klawisz Ctrl, aby zaznaczyć lub odznaczyć wiele typów drzew w menu roślinności. Następnie przytrzymaj klawisz Ctrl i kliknij ten przycisk, aby zapisać własny zestaw. Po zapisaniu zestawu kliknij ten przycisk, aby wybrać ten zestaw. Przytrzymaj klawisz Ctrl podczas przełączania motywów, aby zachować własny zestaw.	Segure Ctrl para selecionar ou desmarcar múltiplos tipos de árvores usando a barra de ferramentas. Em seguida, pressione Ctrl e clique neste botão para salvar um conjunto personalizado. Uma vez que um conjunto foi salvo, clique neste botão para selecionar o conjunto. Pressione Ctrl enquanto troca de temas para manter o conjunto personalizado.	Hold Ctrl to select or unselect multiple types of trees using the toolbar menu. Then hold Ctrl and click this button to save a custom set. Once a set has been saved, click this button to select that set. Hold Ctrl while switching themes to maintain the custom set.	按住 Ctrl 键可以在工具菜单里选择或取消选择多种类型的植被。 选择完毕后，按住 Ctrl 键并单击此按钮以保存自定义设置。保存设置后，单击此按钮可选中该自定义设置。切换主题时按住 Ctrl 键可保持自定义设置。	Hold Ctrl to select or unselect multiple types of trees using the toolbar menu. Then hold Ctrl and click this button to save a custom set. Once a set has been saved, click this button to select that set. Hold Ctrl while switching themes to maintain the custom set.	
YY_TREE_CONTROLLER[Age]	Alter	Age	Edad	Âge	Età	樹齢	Age	Etap	Idade	Age	年龄	Age